train/loss,train/acc,train/precision,train/recall,epoch,step,val/loss,val/acc,val/precision,val/recall
0.6525574922561646,0.6390037536621094,0.5597765445709229,0.0013036588206887245,0,1599,,,,
0.649061918258667,0.6399245858192444,0.5324884653091431,0.02317962609231472,1,3199,,,,
0.646500825881958,0.6406161785125732,0.521645188331604,0.0571606270968914,2,4799,,,,
0.6403952836990356,0.6453856229782104,0.525083065032959,0.18790121376514435,3,6399,,,,
,,,,4,7999,0.6095238924026489,0.6732480525970459,0.5615152716636658,0.18681685626506805
0.6380031108856201,0.6732480525970459,0.5615152716636658,0.18681685626506805,4,7999,,,,
0.6379259824752808,0.6489543318748474,0.5384107232093811,0.19508305191993713,5,9599,,,,
0.6371445655822754,0.6482627391815186,0.5350214242935181,0.19798700511455536,6,11199,,,,
