val/epoch_NLL,epoch,step
4688.90478515625,4,7999
4592.35009765625,9,15999
