val/epoch_NLL,epoch,step
22290.84765625,0,39
11176.6875,1,79
9029.412109375,2,119
