val/epoch_NLL,epoch,step
20685.216796875,0,39
11426.466796875,1,79
10057.583984375,2,119
